MMSI,IMO,STATUS,SPEED,LON,LAT,COURSE,HEADING,TIMESTAMP,SHIP_ID
316035891,9780768,0,82,-52.648580,46.281140,268,270,2020-11-22T09:08:00,5149482
316035891,9780768,0,104,-52.898010,46.276030,268,270,2020-11-22T10:08:00,5149482
316035891,9780768,0,103,-53.136570,46.280820,270,272,2020-11-22T11:08:00,5149482
316035891,9780768,0,103,-53.381140,46.284780,270,272,2020-11-22T12:08:00,5149482
316035891,9780768,0,101,-53.624650,46.285160,269,270,2020-11-22T13:07:00,5149482
316035891,9780768,0,101,-53.865390,46.294050,281,281,2020-11-22T14:07:00,5149482
316035891,9780768,0,104,-54.081800,46.375800,301,299,2020-11-22T15:07:00,5149482
316035891,9780768,0,106,-54.293210,46.468340,303,301,2020-11-22T16:06:00,5149482
316035891,9780768,0,78,-54.026110,47.595030,349,350,2020-11-23T00:42:00,5149482
316035891,9780768,0,64,-54.050440,47.706700,351,352,2020-11-23T01:43:00,5149482
316035891,9780768,1,0,-54.176200,47.720170,140,196,2020-11-23T03:48:00,5149482
316035891,9780768,1,2,-54.174410,47.719230,144,244,2020-11-23T04:48:00,5149482
316035891,9780768,1,0,-54.175570,47.716540,254,347,2020-11-23T05:50:00,5149482
316035891,9780768,1,0,-54.176680,47.716430,233,359,2020-11-23T06:51:00,5149482
316035891,9780768,1,0,-54.176010,47.716440,65,338,2020-11-23T07:51:00,5149482
316035891,9780768,1,0,-54.175630,47.716480,273,341,2020-11-23T08:54:00,5149482
316035891,9780768,1,0,-54.176240,47.716420,263,358,2020-11-23T09:54:00,5149482
316035891,9780768,1,0,-54.176800,47.716410,257,3,2020-11-23T10:54:00,5149482
316035891,9780768,1,0,-54.177300,47.716470,267,15,2020-11-23T12:05:00,5149482
316035891,9780768,1,0,-54.178030,47.716630,284,29,2020-11-23T13:06:00,5149482
316035891,9780768,1,0,-54.178650,47.717110,286,49,2020-11-23T14:05:00,5149482
316035891,9780768,1,0,-54.179240,47.717510,342,66,2020-11-23T15:08:00,5149482
316035891,9780768,1,0,-54.179480,47.718020,347,80,2020-11-23T16:11:00,5149482
316035891,9780768,1,1,-54.179210,47.719510,30,133,2020-11-23T17:11:00,5149482
316035891,9780768,1,1,-54.177880,47.720690,69,169,2020-11-23T18:14:00,5149482
316035891,9780768,1,0,-54.176750,47.721120,79,181,2020-11-23T19:20:00,5149482
316035891,9780768,1,0,-54.176670,47.721200,304,173,2020-11-23T20:20:00,5149482
316035891,9780768,1,1,-54.176440,47.721260,86,188,2020-11-23T21:24:00,5149482
316035891,9780768,1,0,-54.176160,47.721310,296,184,2020-11-23T22:23:00,5149482
316035891,9780768,1,0,-54.176270,47.721320,266,180,2020-11-23T23:24:00,5149482
316035891,9780768,1,0,-54.176200,47.721310,210,184,2020-11-24T00:24:00,5149482
316035891,9780768,1,0,-54.176110,47.721310,85,191,2020-11-24T01:23:00,5149482
316035891,9780768,1,0,-54.176270,47.721340,273,180,2020-11-24T02:38:00,5149482
316035891,9780768,1,0,-54.176190,47.722620,290,180,2020-11-24T03:42:00,5149482
316035891,9780768,1,0,-54.176280,47.722670,60,182,2020-11-24T04:42:00,5149482
316035891,9780768,1,0,-54.175980,47.722460,124,180,2020-11-24T05:43:00,5149482
316035891,9780768,1,0,-54.175840,47.722350,178,180,2020-11-24T06:47:00,5149482
316035891,9780768,1,0,-54.175830,47.722340,169,180,2020-11-24T07:48:00,5149482
316035891,9780768,1,0,-54.175830,47.722350,178,180,2020-11-24T08:47:00,5149482
316035891,9780768,1,0,-54.177540,47.722310,309,170,2020-11-24T09:47:00,5149482
316035891,9780768,1,0,-54.177520,47.722390,164,179,2020-11-24T10:47:00,5149482
316035891,9780768,1,0,-54.177660,47.722270,238,154,2020-11-24T11:48:00,5149482
316035891,9780768,1,0,-54.177650,47.722310,131,160,2020-11-24T12:48:00,5149482
316035891,9780768,1,0,-54.177510,47.722350,84,170,2020-11-24T13:56:00,5149482
316035891,9780768,1,0,-54.176900,47.722410,87,174,2020-11-24T14:56:00,5149482
316035891,9780768,1,0,-54.176680,47.722410,71,178,2020-11-24T16:00:00,5149482
316035891,9780768,1,1,-54.174500,47.722060,106,202,2020-11-24T17:00:00,5149482
316035891,9780768,1,1,-54.173100,47.721640,116,227,2020-11-24T18:14:00,5149482
316035891,9780768,1,0,-54.172530,47.721350,109,231,2020-11-24T19:14:00,5149482
316035891,9780768,1,0,-54.172330,47.721260,136,237,2020-11-24T20:17:00,5149482
316035891,9780768,1,0,-54.172360,47.721320,323,228,2020-11-24T21:18:00,5149482
316035891,9780768,1,1,-54.171670,47.720210,137,241,2020-11-24T22:18:00,5149482
316035891,9780768,1,0,-54.172060,47.720330,156,230,2020-11-24T23:48:00,5149482
316035891,9780768,1,0,-54.171960,47.720220,155,240,2020-11-25T00:48:00,5149482
316035891,9780768,1,0,-54.171740,47.719940,144,244,2020-11-25T01:50:00,5149482
316035891,9780768,1,0,-54.171550,47.719730,161,245,2020-11-25T02:53:00,5149482
316035891,9780768,1,0,-54.171540,47.719710,140,245,2020-11-25T03:54:00,5149482
316035891,9780768,1,3,-54.171150,47.719300,200,264,2020-11-25T05:00:00,5149482
316035891,9780768,1,1,-54.171390,47.718160,319,284,2020-11-25T06:06:00,5149482
316035891,9780768,1,1,-54.171670,47.717810,228,291,2020-11-25T07:08:00,5149482
316035891,9780768,1,0,-54.172200,47.717120,269,310,2020-11-25T08:13:00,5149482
316035891,9780768,1,2,-54.172820,47.716980,293,315,2020-11-25T09:19:00,5149482
316035891,9780768,1,0,-54.172440,47.717020,44,312,2020-11-25T10:19:00,5149482
316035891,9780768,1,0,-54.172870,47.716790,160,321,2020-11-25T11:26:00,5149482
316035891,9780768,1,0,-54.172630,47.716880,47,315,2020-11-25T12:29:00,5149482
316035891,9780768,1,0,-54.173150,47.716510,106,327,2020-11-25T13:29:00,5149482
316035891,9780768,1,0,-54.173480,47.716410,129,331,2020-11-25T14:43:00,5149482
316035891,9780768,1,2,-54.173060,47.716640,236,323,2020-11-25T15:48:00,5149482
316035891,9780768,1,0,-54.177950,47.717290,318,48,2020-11-25T16:51:00,5149482
316035891,9780768,1,0,-54.177850,47.717280,159,33,2020-11-25T18:00:00,5149482
316035891,9780768,1,0,-54.177490,47.717170,132,24,2020-11-25T19:03:00,5149482
316035891,9780768,1,0,-54.177040,47.717050,94,15,2020-11-25T20:03:00,5149482
316035891,9780768,1,1,-54.174850,47.716880,77,321,2020-11-25T21:11:00,5149482
316035891,9780768,1,0,-54.172360,47.717720,45,280,2020-11-25T22:11:00,5149482
316035891,9780768,1,1,-54.172250,47.717480,209,297,2020-11-25T23:11:00,5149482
316035891,9780768,1,1,-54.173600,47.716640,233,336,2020-11-26T00:14:00,5149482
316035891,9780768,1,0,-54.174690,47.716330,243,344,2020-11-26T01:17:00,5149482
316035891,9780768,1,0,-54.174700,47.716340,97,341,2020-11-26T02:23:00,5149482
316035891,9780768,1,0,-54.174720,47.716340,96,341,2020-11-26T03:23:00,5149482
316035891,9780768,1,0,-54.175040,47.716380,282,352,2020-11-26T04:26:00,5149482
316035891,9780768,1,0,-54.175720,47.716380,191,5,2020-11-26T05:29:00,5149482
316035891,9780768,1,0,-54.175740,47.716370,81,6,2020-11-26T06:35:00,5149482
316035891,9780768,1,1,-54.175210,47.716540,105,337,2020-11-26T07:41:00,5149482
316035891,9780768,1,2,-54.172670,47.717380,43,287,2020-11-26T08:41:00,5149482
316035891,9780768,1,1,-54.172020,47.719470,352,238,2020-11-26T09:47:00,5149482
316035891,9780768,1,1,-54.171930,47.719630,164,254,2020-11-26T10:47:00,5149482
316035891,9780768,1,0,-54.171600,47.718870,12,261,2020-11-26T11:47:00,5149482
316035891,9780768,1,9,-54.171810,47.720040,343,239,2020-11-26T12:47:00,5149482
316035891,9780768,1,0,-54.172610,47.721260,134,227,2020-11-26T15:08:00,5149482
316035891,9780768,0,0,-54.174470,47.719850,183,225,2020-11-26T17:46:00,5149482
316035891,9780768,0,63,-54.105240,47.740360,77,71,2020-11-26T18:45:00,5149482
316035891,9780768,0,5,-54.016300,47.774970,115,217,2020-11-26T19:44:00,5149482
316035891,9780768,0,0,-54.015670,47.774640,186,225,2020-11-28T14:24:00,5149482
316035891,9780768,0,106,-54.056510,47.712780,176,175,2020-11-28T17:27:00,5149482
316035891,9780768,0,40,-54.483430,46.675080,140,149,2020-11-29T04:17:00,5149482
316035891,9780768,0,38,-54.427330,46.622290,141,145,2020-11-29T05:18:00,5149482
316035891,9780768,0,33,-54.361590,46.578580,125,130,2020-11-29T06:18:00,5149482
316035891,9780768,0,36,-54.300720,46.539790,137,142,2020-11-29T07:18:00,5149482
316035891,9780768,0,37,-54.243950,46.493190,141,143,2020-11-29T08:17:00,5149482
316035891,9780768,0,38,-54.186450,46.445080,143,142,2020-11-29T09:17:00,5149482
316035891,9780768,0,40,-54.127280,46.400810,131,134,2020-11-29T10:17:00,5149482
316035891,9780768,0,38,-54.053770,46.362170,88,90,2020-11-29T11:16:00,5149482
316035891,9780768,0,44,-53.955390,46.357100,97,98,2020-11-29T12:15:00,5149482
316035891,9780768,0,44,-53.850220,46.351060,93,93,2020-11-29T13:15:00,5149482
316035891,9780768,0,46,-53.739270,46.346420,93,91,2020-11-29T14:15:00,5149482
316035891,9780768,0,15,-53.654020,46.399850,67,340,2020-11-29T15:15:00,5149482
316035891,9780768,0,21,-53.609240,46.410320,73,0,2020-11-29T16:14:00,5149482
316035891,9780768,0,23,-53.555070,46.419960,74,4,2020-11-29T17:14:00,5149482
316035891,9780768,0,18,-53.503490,46.437220,16,301,2020-11-29T18:15:00,5149482
316035891,9780768,0,31,-53.490140,46.399900,164,207,2020-11-29T19:14:00,5149482
316035891,9780768,0,33,-53.470960,46.350150,172,213,2020-11-29T20:13:00,5149482
316035891,9780768,0,19,-53.471670,46.340970,22,326,2020-11-29T21:14:00,5149482
316035891,9780768,0,18,-53.447110,46.365530,359,314,2020-11-29T22:14:00,5149482
316035891,9780768,0,13,-53.469910,46.377520,276,290,2020-11-29T23:14:00,5149482
316035891,9780768,0,53,-53.366730,46.349350,99,93,2020-11-30T00:13:00,5149482
316035891,9780768,0,53,-53.241410,46.337920,97,90,2020-11-30T01:13:00,5149482
316035891,9780768,0,58,-53.105350,46.331930,96,90,2020-11-30T02:14:00,5149482
316035891,9780768,0,60,-52.965190,46.327430,95,88,2020-11-30T03:13:00,5149482
316035891,9780768,0,55,-52.828930,46.320880,96,83,2020-11-30T04:12:00,5149482
316035891,9780768,0,56,-52.695860,46.320560,86,80,2020-11-30T05:12:00,5149482
316035891,9780768,0,131,-52.790340,46.279530,267,271,2020-12-04T00:10:00,5149482
316035891,9780768,0,134,-53.107220,46.279240,270,270,2020-12-04T01:09:00,5149482
316035891,9780768,0,135,-53.425890,46.279780,269,270,2020-12-04T02:08:00,5149482
316035891,9780768,0,133,-53.743000,46.281620,270,269,2020-12-04T03:07:00,5149482
316035891,9780768,0,135,-54.032440,46.361650,302,302,2020-12-04T04:07:00,5149482
316035891,9780768,0,129,-54.302020,46.479270,304,302,2020-12-04T05:07:00,5149482
316035891,9780768,0,134,-54.563710,46.598060,303,302,2020-12-04T06:06:00,5149482
316035891,9780768,0,138,-54.618990,46.760900,33,33,2020-12-04T07:06:00,5149482
316035891,9780768,0,104,-54.015800,47.495980,21,21,2020-12-04T11:35:00,5149482
316035891,9780768,0,70,-54.032650,47.637430,350,350,2020-12-04T12:35:00,5149482
316035891,9780768,0,3,-54.015850,47.774710,138,226,2020-12-04T14:38:00,5149482
316035891,9780768,0,0,-54.015680,47.774640,185,225,2020-12-05T12:31:00,5149482
316035891,9780768,0,0,-54.015670,47.774650,7,225,2020-12-05T13:32:00,5149482
316035891,9780768,0,0,-54.015670,47.774640,174,225,2020-12-05T14:32:00,5149482
316035891,9780768,0,56,-54.028380,47.774800,262,255,2020-12-05T15:31:00,5149482
316035891,9780768,0,128,-54.029250,47.606510,170,172,2020-12-05T16:31:00,5149482
316035891,9780768,0,47,-54.713460,46.867290,221,217,2020-12-05T23:52:00,5149482
316035891,9780768,0,49,-54.719500,46.809840,125,134,2020-12-06T00:54:00,5149482
316035891,9780768,0,50,-54.628830,46.761350,124,131,2020-12-06T01:53:00,5149482
316035891,9780768,0,48,-54.530270,46.717400,120,131,2020-12-06T02:53:00,5149482
316035891,9780768,0,44,-54.434730,46.676380,124,133,2020-12-06T03:53:00,5149482
316035891,9780768,0,47,-54.348630,46.633600,126,133,2020-12-06T04:52:00,5149482
316035891,9780768,0,52,-54.237710,46.609600,84,90,2020-12-06T05:52:00,5149482
316035891,9780768,0,52,-54.125140,46.650050,61,67,2020-12-06T06:51:00,5149482
316035891,9780768,0,44,-54.026470,46.689710,64,81,2020-12-06T07:50:00,5149482
316035891,9780768,0,44,-53.925280,46.713750,68,80,2020-12-06T08:50:00,5149482
316035891,9780768,0,108,-53.815540,46.795890,15,15,2020-12-06T09:49:00,5149482
316035891,9780768,0,126,-53.789100,46.901960,199,197,2020-12-06T20:51:00,5149482
316035891,9780768,0,68,-53.859880,46.769210,197,193,2020-12-06T21:50:00,5149482
316035891,9780768,0,66,-53.915850,46.662550,201,200,2020-12-06T22:50:00,5149482
316035891,9780768,0,68,-53.858380,46.570730,140,142,2020-12-06T23:50:00,5149482
316035891,9780768,0,63,-53.763380,46.490080,140,143,2020-12-07T00:50:00,5149482
316035891,9780768,0,64,-53.672060,46.408190,142,145,2020-12-07T01:49:00,5149482
316035891,9780768,0,63,-53.582590,46.324490,144,145,2020-12-07T02:49:00,5149482
316035891,9780768,0,64,-53.445430,46.294600,94,93,2020-12-07T03:48:00,5149482
316035891,9780768,0,63,-53.295790,46.288190,94,93,2020-12-07T04:48:00,5149482
316035891,9780768,0,63,-53.141400,46.284700,90,92,2020-12-07T05:48:00,5149482
316035891,9780768,0,62,-52.989900,46.284010,90,90,2020-12-07T06:48:00,5149482
316035891,9780768,0,61,-52.840070,46.283590,88,88,2020-12-07T07:47:00,5149482
316035891,9780768,0,60,-52.695020,46.285160,85,87,2020-12-07T08:46:00,5149482
316035891,9780768,0,60,-52.376410,46.291280,86,93,2020-12-07T10:59:00,5149482
316035891,9780768,0,66,-52.225660,46.288630,89,93,2020-12-07T11:58:00,5149482
316035891,9780768,0,137,-52.693640,46.276390,266,268,2020-12-15T03:51:00,5149482
316035891,9780768,0,142,-53.026120,46.275150,269,271,2020-12-15T04:50:00,5149482
316035891,9780768,0,146,-53.372360,46.276640,270,271,2020-12-15T05:50:00,5149482
316035891,9780768,0,146,-53.718880,46.283960,272,271,2020-12-15T06:50:00,5149482
316035891,9780768,0,146,-54.041120,46.358040,302,303,2020-12-15T07:50:00,5149482
316035891,9780768,0,148,-54.336240,46.492570,303,303,2020-12-15T08:50:00,5149482
316035891,9780768,0,105,-54.046420,47.679620,349,349,2020-12-15T16:15:00,5149482
316035891,9780768,0,53,-54.160830,47.729170,250,266,2020-12-15T17:14:00,5149482
316035891,9780768,0,0,-54.173470,47.725610,155,244,2020-12-15T18:16:00,5149482
316035891,9780768,1,0,-54.173140,47.724210,28,271,2020-12-15T19:16:00,5149482
316035891,9780768,1,0,-54.172990,47.724470,176,273,2020-12-15T20:16:00,5149482
316035891,9780768,1,0,-54.172810,47.724410,153,274,2020-12-15T21:16:00,5149482
316035891,9780768,1,0,-54.172710,47.724400,2,267,2020-12-15T22:19:00,5149482
316035891,9780768,1,0,-54.172780,47.724230,165,265,2020-12-15T23:25:00,5149482
316035891,9780768,1,0,-54.172840,47.724290,166,260,2020-12-16T00:31:00,5149482
316035891,9780768,1,0,-54.172840,47.724310,102,260,2020-12-16T01:31:00,5149482
316035891,9780768,1,0,-54.172850,47.724300,195,260,2020-12-16T02:31:00,5149482
316035891,9780768,1,0,-54.172840,47.724310,234,260,2020-12-16T03:36:00,5149482
316035891,9780768,1,0,-54.172840,47.724320,253,260,2020-12-16T04:42:00,5149482
316035891,9780768,1,0,-54.172850,47.724300,164,260,2020-12-16T05:42:00,5149482
316035891,9780768,1,0,-54.172850,47.724300,165,260,2020-12-16T06:42:00,5149482
316035891,9780768,1,0,-54.172840,47.724310,173,260,2020-12-16T07:45:00,5149482
316035891,9780768,1,0,-54.172850,47.724300,352,260,2020-12-16T09:03:00,5149482
316035891,9780768,1,0,-54.172850,47.724310,177,262,2020-12-16T10:03:00,5149482
316035891,9780768,1,0,-54.172850,47.724310,173,260,2020-12-16T11:33:00,5149482
316035891,9780768,1,0,-54.173010,47.724660,12,252,2020-12-16T12:45:00,5149482
316035891,9780768,1,0,-54.172990,47.724580,151,260,2020-12-16T13:45:00,5149482
316035891,9780768,1,0,-54.172970,47.724550,208,261,2020-12-16T14:45:00,5149482
316035891,9780768,1,0,-54.172970,47.724520,59,263,2020-12-16T15:47:00,5149482
316035891,9780768,1,0,-54.172990,47.724520,209,263,2020-12-16T16:47:00,5149482
316035891,9780768,1,0,-54.172970,47.724530,334,263,2020-12-16T17:47:00,5149482
316035891,9780768,1,0,-54.172970,47.724530,268,263,2020-12-16T18:53:00,5149482
316035891,9780768,1,0,-54.172970,47.724520,153,263,2020-12-16T19:53:00,5149482
316035891,9780768,1,0,-54.172970,47.724520,164,263,2020-12-16T20:53:00,5149482
316035891,9780768,1,0,-54.172960,47.724520,182,263,2020-12-16T21:53:00,5149482
316035891,9780768,1,1,-54.172930,47.724260,178,270,2020-12-16T22:56:00,5149482
316035891,9780768,1,0,-54.172910,47.723850,151,275,2020-12-17T00:02:00,5149482
316035891,9780768,1,0,-54.172910,47.723830,173,275,2020-12-17T01:02:00,5149482
316035891,9780768,1,0,-54.172910,47.723790,180,275,2020-12-17T02:02:00,5149482
316035891,9780768,1,0,-54.173010,47.723400,253,280,2020-12-17T03:02:00,5149482
316035891,9780768,1,0,-54.173010,47.723370,179,280,2020-12-17T04:02:00,5149482
316035891,9780768,1,0,-54.173010,47.723370,276,280,2020-12-17T05:02:00,5149482
316035891,9780768,1,0,-54.173010,47.723360,201,280,2020-12-17T06:02:00,5149482
316035891,9780768,1,0,-54.173010,47.723370,266,280,2020-12-17T07:08:00,5149482
316035891,9780768,1,1,-54.172920,47.724690,11,250,2020-12-17T08:08:00,5149482
316035891,9780768,1,0,-54.172700,47.723810,209,277,2020-12-17T09:08:00,5149482
316035891,9780768,1,0,-54.172790,47.724010,323,270,2020-12-17T10:14:00,5149482
316035891,9780768,1,7,-54.175400,47.723000,196,292,2020-12-17T11:14:00,5149482
316035891,9780768,0,63,-54.115550,47.738570,72,70,2020-12-17T12:14:00,5149482
316035891,9780768,0,12,-54.018030,47.775980,114,209,2020-12-17T13:14:00,5149482
316035891,9780768,0,0,-54.015690,47.774640,182,225,2020-12-17T14:13:00,5149482
316035891,9780768,5,33,-54.021280,47.774590,262,255,2020-12-18T15:23:00,5149482
316035891,9780768,0,142,-54.027740,47.605260,169,168,2020-12-18T16:22:00,5149482
316035891,9780768,0,130,-54.539480,46.711300,140,138,2020-12-18T21:16:00,5149482
316035891,9780768,0,131,-54.331810,46.545480,138,135,2020-12-18T22:15:00,5149482
316035891,9780768,0,131,-54.120300,46.381940,139,135,2020-12-18T23:15:00,5149482
316035891,9780768,0,116,-53.854510,46.339690,91,90,2020-12-19T00:15:00,5149482
316035891,9780768,0,113,-53.579390,46.338670,90,88,2020-12-19T01:14:00,5149482
316035891,9780768,0,109,-53.312420,46.335040,93,88,2020-12-19T02:13:00,5149482
316035891,9780768,0,94,-53.054930,46.325760,91,88,2020-12-19T03:13:00,5149482
316035891,9780768,0,85,-52.849670,46.317010,91,85,2020-12-19T04:14:00,5149482
316035891,9780768,0,83,-52.643880,46.313960,88,80,2020-12-19T05:14:00,5149482
316035891,9780768,0,95,-52.579220,46.289100,265,271,2020-12-23T18:43:00,5149482
316035891,9780768,0,80,-52.809200,46.275260,269,267,2020-12-23T19:42:00,5149482
316035891,9780768,0,68,-52.975870,46.271170,273,271,2020-12-23T20:42:00,5149482
316035891,9780768,0,69,-53.139960,46.278950,270,273,2020-12-23T21:42:00,5149482
316035891,9780768,0,67,-53.301050,46.282960,266,271,2020-12-23T22:41:00,5149482
316035891,9780768,0,67,-53.464880,46.283810,267,269,2020-12-23T23:42:00,5149482
316035891,9780768,0,68,-53.625420,46.281800,274,269,2020-12-24T00:41:00,5149482
316035891,9780768,0,69,-53.788560,46.278670,268,269,2020-12-24T01:41:00,5149482
316035891,9780768,0,69,-53.934820,46.314100,308,301,2020-12-24T02:40:00,5149482
316035891,9780768,0,72,-54.068600,46.373060,304,299,2020-12-24T03:39:00,5149482
316035891,9780768,0,75,-54.218690,46.437060,302,300,2020-12-24T04:39:00,5149482
316035891,9780768,0,78,-54.368900,46.507350,304,301,2020-12-24T05:39:00,5149482
316035891,9780768,0,107,-54.009610,47.534630,350,351,2020-12-24T17:41:00,5149482
316035891,9780768,0,86,-54.055530,47.714720,347,351,2020-12-24T18:40:00,5149482
316035891,9780768,0,5,-54.016380,47.774970,140,221,2020-12-24T19:41:00,5149482
316035891,9780768,0,30,-54.022030,47.774740,257,255,2020-12-26T15:53:00,5149482
316035891,9780768,0,145,-54.030240,47.605570,170,169,2020-12-26T16:52:00,5149482
316035891,9780768,0,125,-54.454980,46.652030,140,140,2020-12-26T22:15:00,5149482
316035891,9780768,0,119,-54.267360,46.498250,137,137,2020-12-26T23:16:00,5149482
316035891,9780768,0,128,-54.059610,46.351450,119,121,2020-12-27T00:15:00,5149482
316035891,9780768,0,134,-53.739210,46.346390,92,96,2020-12-27T01:14:00,5149482
316035891,9780768,0,120,-53.423270,46.336960,92,95,2020-12-27T02:14:00,5149482
316035891,9780768,0,118,-53.139250,46.339440,92,96,2020-12-27T03:14:00,5149482
316035891,9780768,0,120,-52.856630,46.328990,92,96,2020-12-27T04:13:00,5149482
316035891,9780768,0,148,-52.928360,46.284240,269,269,2020-12-29T09:57:00,5149482
316035891,9780768,0,150,-53.289700,46.279450,268,269,2020-12-29T10:57:00,5149482
316035891,9780768,0,146,-53.644570,46.279770,269,269,2020-12-29T11:57:00,5149482
316035891,9780768,0,143,-53.966010,46.325520,304,303,2020-12-29T12:57:00,5149482
316035891,9780768,0,143,-54.255630,46.452730,301,301,2020-12-29T13:56:00,5149482
316035891,9780768,0,70,-54.041700,47.662100,350,350,2020-12-29T21:02:00,5149482
316035891,9780768,0,46,-54.043770,47.768860,47,54,2020-12-29T22:02:00,5149482
316035891,9780768,0,0,-54.015700,47.774650,222,225,2020-12-31T16:47:00,5149482
316035891,9780768,0,74,-54.456380,46.667730,133,143,2021-01-01T04:16:00,5149482
316035891,9780768,0,71,-54.335660,46.582150,139,147,2021-01-01T05:16:00,5149482
316035891,9780768,0,73,-54.225070,46.491630,141,148,2021-01-01T06:15:00,5149482
316035891,9780768,0,73,-54.117510,46.399630,141,147,2021-01-01T07:15:00,5149482
316035891,9780768,0,75,-53.964140,46.356910,93,95,2021-01-01T08:14:00,5149482
316035891,9780768,0,71,-53.786950,46.351540,83,92,2021-01-01T09:14:00,5149482
316035891,9780768,0,70,-53.620230,46.347890,99,98,2021-01-01T10:14:00,5149482
316035891,9780768,0,66,-53.458660,46.341310,94,94,2021-01-01T11:13:00,5149482
316035891,9780768,0,49,-53.321840,46.338080,90,95,2021-01-01T12:13:00,5149482
316035891,9780768,0,49,-53.197530,46.335870,93,95,2021-01-01T13:13:00,5149482
316035891,9780768,0,72,-53.020830,46.329010,93,95,2021-01-01T14:13:00,5149482
316035891,9780768,0,70,-52.850350,46.325550,92,89,2021-01-01T15:13:00,5149482
316035891,9780768,0,70,-52.682080,46.325980,93,90,2021-01-01T16:13:00,5149482
316035891,9780768,0,72,-52.511800,46.322710,91,89,2021-01-01T17:13:00,5149482
316035891,9780768,0,127,-52.882520,46.283140,268,271,2021-01-06T11:42:00,5149482
316035891,9780768,0,97,-53.144040,46.284550,273,270,2021-01-06T12:41:00,5149482
316035891,9780768,0,92,-53.367810,46.280370,267,268,2021-01-06T13:41:00,5149482
316035891,9780768,0,93,-53.590780,46.275760,271,271,2021-01-06T14:40:00,5149482
316035891,9780768,0,88,-53.801050,46.279560,272,271,2021-01-06T15:39:00,5149482
316035891,9780768,0,92,-53.986460,46.338730,300,301,2021-01-06T16:39:00,5149482
316035891,9780768,0,92,-54.172160,46.417680,300,301,2021-01-06T17:38:00,5149482
316035891,9780768,0,89,-54.356800,46.496580,299,301,2021-01-06T18:38:00,5149482
316035891,9780768,0,88,-54.541810,46.574450,303,301,2021-01-06T19:39:00,5149482
316035891,9780768,0,94,-54.664120,46.737770,35,38,2021-01-06T22:46:00,5149482
316035891,9780768,0,92,-54.534250,46.857670,36,38,2021-01-06T23:47:00,5149482
316035891,9780768,0,109,-54.010530,47.559770,351,350,2021-01-07T04:20:00,5149482
316035891,9780768,0,59,-54.048630,47.691480,349,350,2021-01-07T05:20:00,5149482
316035891,9780768,0,32,-54.033370,47.773540,47,46,2021-01-07T06:19:00,5149482
316035891,9780768,0,104,-54.054260,47.745630,182,180,2021-01-08T08:03:00,5149482
316035891,9780768,0,143,-54.022420,47.494810,201,202,2021-01-08T09:12:00,5149482
316035891,9780768,0,124,-54.428930,46.670820,125,128,2021-01-08T14:34:00,5149482
316035891,9780768,0,137,-54.163090,46.632760,56,62,2021-01-08T15:34:00,5149482
316035891,9780768,0,143,-53.866520,46.736430,67,67,2021-01-08T16:33:00,5149482
316035891,9780768,0,116,-53.759550,46.941370,13,13,2021-01-08T17:33:00,5149482
316035891,9780768,0,117,-53.763710,46.955290,200,198,2021-01-10T20:31:00,5149482
316035891,9780768,0,113,-53.858680,46.775540,200,198,2021-01-10T21:31:00,5149482
316035891,9780768,0,85,-53.897020,46.606740,151,146,2021-01-10T22:31:00,5149482
316035891,9780768,0,68,-53.804810,46.507280,142,136,2021-01-10T23:30:00,5149482
316035891,9780768,0,64,-53.708880,46.420830,142,132,2021-01-11T00:30:00,5149482
316035891,9780768,0,66,-53.612510,46.335900,146,138,2021-01-11T01:29:00,5149482
316035891,9780768,0,65,-53.496850,46.280650,94,86,2021-01-11T02:29:00,5149482
316035891,9780768,0,60,-53.345830,46.280350,86,79,2021-01-11T03:29:00,5149482
316035891,9780768,0,58,-53.202130,46.279680,91,79,2021-01-11T04:29:00,5149482
316035891,9780768,0,51,-53.074520,46.286190,74,63,2021-01-11T05:29:00,5149482
316035891,9780768,0,56,-52.955370,46.304950,105,90,2021-01-11T06:28:00,5149482
316035891,9780768,0,54,-52.826920,46.286920,96,80,2021-01-11T07:28:00,5149482
316035891,9780768,0,64,-52.628550,46.284900,81,70,2021-01-11T09:03:00,5149482
316035891,9780768,0,116,-52.755800,46.285180,270,269,2021-01-15T09:34:00,5149482
316035891,9780768,0,122,-53.036170,46.276550,267,272,2021-01-15T10:33:00,5149482
316035891,9780768,0,103,-53.307480,46.279170,273,272,2021-01-15T11:32:00,5149482
316035891,9780768,0,99,-53.552520,46.281500,269,269,2021-01-15T12:32:00,5149482
316035891,9780768,0,97,-53.786410,46.278700,268,269,2021-01-15T13:32:00,5149482
316035891,9780768,0,94,-53.990530,46.337450,303,305,2021-01-15T14:32:00,5149482
316035891,9780768,0,66,-54.150980,46.407780,300,303,2021-01-15T15:31:00,5149482
316035891,9780768,0,65,-54.288090,46.462710,300,303,2021-01-15T16:31:00,5149482
316035891,9780768,0,63,-54.417150,46.518580,303,307,2021-01-15T17:31:00,5149482
316035891,9780768,0,63,-54.557300,46.585110,306,308,2021-01-15T18:37:00,5149482
316035891,9780768,0,116,-54.543060,46.847440,31,33,2021-01-16T14:03:00,5149482
316035891,9780768,0,59,-54.043120,47.667270,350,350,2021-01-16T19:32:00,5149482
316035891,9780768,0,26,-54.056680,47.758670,20,20,2021-01-16T20:37:00,5149482
316035891,9780768,0,17,-54.025420,47.776140,106,106,2021-01-16T21:37:00,5149482
316035891,9780768,0,11,-54.016720,47.775070,280,250,2021-01-18T00:34:00,5149482
316035891,9780768,0,137,-54.035290,47.630290,169,170,2021-01-18T01:34:00,5149482
316035891,9780768,0,134,-54.742010,46.834050,207,195,2021-01-18T05:58:00,5149482
316035891,9780768,0,142,-54.501350,46.681020,135,138,2021-01-18T06:58:00,5149482
316035891,9780768,0,140,-54.268790,46.511870,137,138,2021-01-18T07:57:00,5149482
316035891,9780768,0,143,-54.023040,46.356120,110,107,2021-01-18T08:57:00,5149482
316035891,9780768,0,137,-53.683690,46.346060,93,92,2021-01-18T09:57:00,5149482
316035891,9780768,0,137,-53.352270,46.341180,96,93,2021-01-18T10:56:00,5149482
316035891,9780768,0,134,-53.026830,46.323910,89,90,2021-01-18T11:55:00,5149482
316035891,9780768,0,125,-52.699870,46.322270,90,90,2021-01-18T12:56:00,5149482
316035891,9780768,0,102,-52.436720,46.325980,94,93,2021-01-18T13:56:00,5149482
316035891,9780768,0,111,-52.972940,46.262690,266,272,2021-01-22T13:06:00,5149482
316035891,9780768,0,119,-53.252020,46.261970,273,274,2021-01-22T14:06:00,5149482
316035891,9780768,0,120,-53.530920,46.273080,273,274,2021-01-22T15:05:00,5149482
316035891,9780768,0,125,-53.817110,46.306660,286,287,2021-01-22T16:05:00,5149482
316035891,9780768,0,128,-54.095040,46.385750,301,300,2021-01-22T17:04:00,5149482
316035891,9780768,0,131,-54.358440,46.499680,302,302,2021-01-22T18:03:00,5149482
316035891,9780768,0,75,-54.051420,47.701190,350,350,2021-01-23T02:23:00,5149482
316035891,9780768,0,10,-54.027360,47.773570,78,240,2021-01-23T03:23:00,5149482
316035891,9780768,0,0,-54.015690,47.774650,183,225,2021-01-24T06:32:00,5149482
316035891,9780768,0,0,-54.015690,47.774640,187,225,2021-01-24T07:35:00,5149482
316035891,9780768,0,0,-54.015690,47.774640,195,225,2021-01-24T08:35:00,5149482
316035891,9780768,0,97,-54.049250,47.699020,169,170,2021-01-24T09:34:00,5149482
316035891,9780768,0,152,-54.406850,46.611330,138,138,2021-01-24T15:53:00,5149482
316035891,9780768,0,152,-54.162080,46.423130,138,138,2021-01-24T16:53:00,5149482
316035891,9780768,0,150,-53.850540,46.344890,91,91,2021-01-24T17:52:00,5149482
316035891,9780768,0,148,-53.495150,46.337440,90,91,2021-01-24T18:51:00,5149482
316035891,9780768,0,150,-53.133540,46.330550,92,91,2021-01-24T19:51:00,5149482
316035891,9780768,0,148,-52.766820,46.321380,88,86,2021-01-24T20:52:00,5149482
316035891,9780768,0,98,-52.844700,46.283020,269,272,2021-01-27T19:14:00,5149482
316035891,9780768,0,97,-53.083530,46.279580,269,273,2021-01-27T20:13:00,5149482
316035891,9780768,0,95,-53.307430,46.283940,269,270,2021-01-27T21:12:00,5149482
316035891,9780768,0,89,-53.529820,46.281380,270,269,2021-01-27T22:12:00,5149482
316035891,9780768,0,88,-53.741310,46.283260,270,269,2021-01-27T23:12:00,5149482
316035891,9780768,0,85,-53.937150,46.312220,301,302,2021-01-28T00:11:00,5149482
316035891,9780768,0,84,-54.107890,46.385910,302,302,2021-01-28T01:11:00,5149482
316035891,9780768,0,83,-54.278190,46.459370,302,302,2021-01-28T02:11:00,5149482
316035891,9780768,0,85,-54.446830,46.537670,304,303,2021-01-28T03:12:00,5149482
316035891,9780768,0,70,-54.029560,47.618450,349,347,2021-01-28T12:22:00,5149482
316035891,9780768,0,54,-54.040760,47.719460,54,54,2021-01-28T13:22:00,5149482
316035891,9780768,1,0,-54.017610,47.728660,110,2,2021-01-28T15:10:00,5149482
316035891,9780768,1,0,-54.015650,47.728660,235,336,2021-01-28T17:40:00,5149482
316035891,9780768,1,0,-54.016200,47.728470,249,348,2021-01-28T19:11:00,5149482
316035891,9780768,1,0,-54.016410,47.728190,42,349,2021-01-28T22:47:00,5149482
316035891,9780768,1,0,-54.014560,47.728620,117,322,2021-01-29T03:53:00,5149482
316035891,9780768,1,0,-54.015730,47.728340,276,349,2021-01-29T06:29:00,5149482
316035891,9780768,1,0,-54.015560,47.728420,52,335,2021-01-29T07:35:00,5149482
316035891,9780768,1,0,-54.015380,47.728490,98,334,2021-01-29T08:35:00,5149482
316035891,9780768,1,0,-54.016270,47.729760,84,351,2021-01-29T09:53:00,5149482
316035891,9780768,0,46,-54.050280,47.760970,40,40,2021-01-29T10:54:00,5149482
316035891,9780768,0,0,-54.018810,47.772550,184,225,2021-01-30T10:27:00,5149482
316035891,9780768,0,128,-54.046900,47.676220,170,171,2021-01-30T11:28:00,5149482
316035891,9780768,0,105,-54.421490,46.664200,117,118,2021-01-30T18:47:00,5149482
316035891,9780768,0,112,-54.163750,46.631450,61,60,2021-01-30T19:46:00,5149482
316035891,9780768,0,121,-53.912070,46.722370,62,61,2021-01-30T20:45:00,5149482
316035891,9780768,0,128,-53.780630,46.883310,15,15,2021-01-30T21:45:00,5149482
316035891,9780768,0,96,-53.799020,46.883310,200,196,2021-02-03T19:06:00,5149482
316035891,9780768,0,87,-53.818700,46.738860,172,171,2021-02-03T20:05:00,5149482
316035891,9780768,0,93,-53.787650,46.597080,172,171,2021-02-03T21:05:00,5149482
316035891,9780768,0,96,-53.659070,46.468930,135,139,2021-02-03T22:04:00,5149482
316035891,9780768,0,117,-53.455270,46.360610,115,117,2021-02-03T23:05:00,5149482
316035891,9780768,0,127,-53.163160,46.330850,92,94,2021-02-04T00:05:00,5149482
316035891,9780768,0,122,-51.980040,46.283400,269,268,2021-02-07T01:39:00,5149482
316035891,9780768,0,118,-52.572950,46.279310,268,268,2021-02-07T03:44:00,5149482
316035891,9780768,0,118,-52.852810,46.273370,270,273,2021-02-07T04:43:00,5149482
316035891,9780768,0,121,-53.144190,46.280030,274,273,2021-02-07T05:44:00,5149482
316035891,9780768,0,121,-53.430530,46.285900,269,271,2021-02-07T06:43:00,5149482
316035891,9780768,0,112,-53.712700,46.283080,268,268,2021-02-07T07:42:00,5149482
316035891,9780768,0,108,-53.954470,46.322140,301,298,2021-02-07T08:41:00,5149482
316035891,9780768,0,103,-54.170640,46.410960,302,298,2021-02-07T09:41:00,5149482
316035891,9780768,0,100,-54.374980,46.503340,302,300,2021-02-07T10:40:00,5149482
316035891,9780768,0,31,-55.401900,46.552600,251,243,2021-02-08T06:08:00,5149482
316035891,9780768,0,29,-55.471490,46.541250,251,246,2021-02-08T07:08:00,5149482
316035891,9780768,0,37,-55.547210,46.527220,271,267,2021-02-08T08:07:00,5149482
316035891,9780768,0,47,-55.650780,46.527420,267,266,2021-02-08T09:07:00,5149482
316035891,9780768,0,49,-55.769690,46.517090,259,259,2021-02-08T10:07:00,5149482
316035891,9780768,0,51,-55.888970,46.503770,262,259,2021-02-08T11:07:00,5149482
316035891,9780768,0,61,-56.024770,46.494210,263,262,2021-02-08T12:08:00,5149482
316035891,9780768,0,59,-56.167530,46.481120,256,255,2021-02-08T13:07:00,5149482
316035891,9780768,0,37,-56.276840,46.459350,93,90,2021-02-08T14:06:00,5149482
316035891,9780768,0,28,-56.191140,46.456580,88,90,2021-02-08T15:06:00,5149482
316035891,9780768,0,32,-56.116160,46.455120,89,89,2021-02-08T16:09:00,5149482
316035891,9780768,0,42,-56.037430,46.455640,86,85,2021-02-08T17:11:00,5149482
316035891,9780768,0,75,-55.592020,46.433850,97,91,2021-02-08T20:15:00,5149482
316035891,9780768,0,21,-55.357560,46.557320,62,322,2021-02-09T01:43:00,5149482
316035891,9780768,0,7,-55.334200,46.550690,130,300,2021-02-09T02:48:00,5149482
316035891,9780768,0,10,-55.317270,46.550230,137,275,2021-02-09T03:50:00,5149482
316035891,9780768,0,10,-55.292490,46.529160,149,274,2021-02-09T06:03:00,5149482
316035891,9780768,0,10,-55.268320,46.516090,151,271,2021-02-09T08:04:00,5149482
316035891,9780768,0,75,-54.034990,47.638960,351,350,2021-02-10T16:58:00,5149482
316035891,9780768,0,61,-54.055670,47.741920,357,355,2021-02-10T17:57:00,5149482
316035891,9780768,0,0,-54.015790,47.774690,124,225,2021-02-10T19:00:00,5149482
316035891,9780768,5,10,-54.016690,47.775290,292,240,2021-02-12T23:49:00,5149482
316035891,9780768,0,130,-54.037170,47.631900,171,170,2021-02-13T00:50:00,5149482
316035891,9780768,0,124,-54.232330,46.477260,139,140,2021-02-13T08:12:00,5149482
316035891,9780768,0,126,-54.042590,46.321120,138,140,2021-02-13T09:12:00,5149482
316035891,9780768,0,72,-52.719470,46.403690,253,260,2021-02-17T20:43:00,5149482
316035891,9780768,0,76,-52.897900,46.372900,270,275,2021-02-17T21:42:00,5149482
316035891,9780768,0,78,-53.091000,46.358800,259,264,2021-02-17T22:42:00,5149482
316035891,9780768,0,81,-53.282590,46.337580,261,264,2021-02-17T23:42:00,5149482
316035891,9780768,0,95,-53.500310,46.314350,261,263,2021-02-18T00:41:00,5149482
316035891,9780768,0,96,-53.727450,46.293830,260,261,2021-02-18T01:41:00,5149482
316035891,9780768,0,100,-53.946650,46.317850,301,303,2021-02-18T02:40:00,5149482
316035891,9780768,0,107,-54.154510,46.412430,302,303,2021-02-18T03:40:00,5149482
316035891,9780768,0,111,-54.371040,46.510600,306,302,2021-02-18T04:39:00,5149482
316035891,9780768,0,65,-54.045850,47.686500,350,348,2021-02-18T12:58:00,5149482
316035891,9780768,0,36,-54.030200,47.774290,48,61,2021-02-18T13:57:00,5149482
316035891,9780768,0,0,-54.018810,47.772560,170,225,2021-02-19T16:37:00,5149482
316035891,9780768,0,156,-54.267620,46.493700,136,136,2021-02-19T23:53:00,5149482
316035891,9780768,0,153,-53.985340,46.347950,92,91,2021-02-20T00:53:00,5149482
316035891,9780768,0,147,-53.622800,46.340730,92,91,2021-02-20T01:53:00,5149482
316035891,9780768,0,143,-53.271350,46.331490,91,89,2021-02-20T02:53:00,5149482
316035891,9780768,0,140,-52.930710,46.328320,93,88,2021-02-20T03:53:00,5149482
316035891,9780768,0,122,-52.943650,46.274930,271,272,2021-02-25T13:14:00,5149482
316035891,9780768,0,126,-53.248740,46.281770,272,271,2021-02-25T14:14:00,5149482
316035891,9780768,0,127,-53.544580,46.283130,268,266,2021-02-25T15:14:00,5149482
316035891,9780768,0,132,-53.852170,46.282000,295,295,2021-02-25T16:13:00,5149482
316035891,9780768,0,138,-54.128220,46.402720,304,302,2021-02-25T17:13:00,5149482
316035891,9780768,5,31,-54.021280,47.774520,258,255,2021-02-28T21:13:00,5149482
316035891,9780768,0,135,-54.035060,47.619140,170,170,2021-02-28T22:12:00,5149482
316035891,9780768,0,138,-54.554260,46.707370,133,136,2021-03-01T03:35:00,5149482
316035891,9780768,0,142,-54.320610,46.543640,137,136,2021-03-01T04:35:00,5149482
316035891,9780768,0,139,-54.086470,46.371330,135,137,2021-03-01T05:35:00,5149482
316035891,9780768,0,124,-53.780560,46.335450,92,89,2021-03-01T06:35:00,5149482
316035891,9780768,0,132,-53.467900,46.329170,87,90,2021-03-01T07:36:00,5149482
316035891,9780768,0,129,-53.163110,46.323590,92,89,2021-03-01T08:35:00,5149482
316035891,9780768,0,133,-52.726510,46.289660,271,269,2021-03-05T22:31:00,5149482
316035891,9780768,0,133,-53.047880,46.289470,271,269,2021-03-05T23:31:00,5149482
316035891,9780768,0,133,-53.367790,46.289840,270,269,2021-03-06T00:31:00,5149482
316035891,9780768,0,133,-53.685770,46.288540,269,269,2021-03-06T01:31:00,5149482
316035891,9780768,0,131,-53.982780,46.334460,302,300,2021-03-06T02:30:00,5149482
316035891,9780768,0,133,-54.249600,46.449850,304,303,2021-03-06T03:29:00,5149482
316035891,9780768,0,105,-54.014390,47.572470,351,349,2021-03-06T21:02:00,5149482
316035891,9780768,0,64,-54.048480,47.691180,348,348,2021-03-06T22:02:00,5149482
316035891,9780768,0,24,-54.027570,47.776430,70,86,2021-03-06T23:02:00,5149482
316035891,9780768,5,0,-54.015680,47.774660,168,225,2021-03-08T15:33:00,5149482
316035891,9780768,5,9,-54.016740,47.775530,268,256,2021-03-08T19:43:00,5149482
316035891,9780768,0,140,-54.034740,47.618520,170,170,2021-03-08T20:43:00,5149482
316035891,9780768,0,90,-54.460600,46.647400,139,137,2021-03-09T04:12:00,5149482
316035891,9780768,0,90,-54.315800,46.535460,138,137,2021-03-09T05:12:00,5149482
316035891,9780768,0,89,-54.177340,46.426940,138,137,2021-03-09T06:11:00,5149482
316035891,9780768,0,87,-54.014570,46.346260,91,90,2021-03-09T07:11:00,5149482
316035891,9780768,0,94,-53.788330,46.341630,92,90,2021-03-09T08:11:00,5149482
316035891,9780768,0,96,-53.563400,46.336120,90,90,2021-03-09T09:10:00,5149482
316035891,9780768,0,89,-53.342460,46.330630,90,86,2021-03-09T10:09:00,5149482
316035891,9780768,0,96,-53.119950,46.329800,90,86,2021-03-09T11:09:00,5149482
316035891,9780768,0,93,-52.894290,46.325860,92,88,2021-03-09T12:08:00,5149482
316035891,9780768,0,131,-52.124240,46.294960,272,272,2021-03-11T23:07:00,5149482
316035891,9780768,0,139,-52.758540,46.284550,267,268,2021-03-12T01:07:00,5149482
316035891,9780768,0,134,-53.088040,46.281240,270,270,2021-03-12T02:06:00,5149482
316035891,9780768,0,135,-53.409490,46.282730,270,270,2021-03-12T03:06:00,5149482
316035891,9780768,0,135,-53.731950,46.284550,270,270,2021-03-12T04:06:00,5149482
316035891,9780768,0,137,-54.028560,46.356230,303,302,2021-03-12T05:06:00,5149482
316035891,9780768,0,138,-54.306050,46.482160,302,302,2021-03-12T06:06:00,5149482
316035891,9780768,0,141,-54.587990,46.613560,305,302,2021-03-12T07:06:00,5149482
316035891,9780768,0,108,-54.012770,47.551270,350,348,2021-03-12T13:40:00,5149482
316035891,9780768,0,91,-54.056510,47.727990,1,0,2021-03-12T14:39:00,5149482
316035891,9780768,0,4,-54.016150,47.775050,181,227,2021-03-12T15:41:00,5149482
316035891,9780768,0,21,-54.018920,47.775200,255,257,2021-03-14T11:24:00,5149482
316035891,9780768,0,7,-54.016350,47.729910,107,351,2021-03-14T12:23:00,5149482
316035891,9780768,1,0,-54.013220,47.731100,67,282,2021-03-14T14:32:00,5149482
316035891,9780768,1,1,-54.013120,47.731620,275,278,2021-03-14T15:44:00,5149482
316035891,9780768,1,1,-54.013100,47.731740,148,267,2021-03-14T16:47:00,5149482
316035891,9780768,1,1,-54.013390,47.731100,217,281,2021-03-14T17:47:00,5149482
316035891,9780768,1,0,-54.013280,47.731610,219,268,2021-03-14T18:47:00,5149482
316035891,9780768,1,2,-54.013410,47.731620,9,273,2021-03-14T21:20:00,5149482
316035891,9780768,1,0,-54.014400,47.733340,273,211,2021-03-14T22:20:00,5149482
316035891,9780768,1,0,-54.014210,47.733180,181,225,2021-03-14T23:20:00,5149482
316035891,9780768,1,0,-54.014370,47.733240,303,213,2021-03-15T00:23:00,5149482
316035891,9780768,1,0,-54.013950,47.732940,223,233,2021-03-15T01:25:00,5149482
316035891,9780768,1,0,-54.014030,47.733330,61,229,2021-03-15T02:29:00,5149482
316035891,9780768,1,0,-54.014300,47.733540,161,225,2021-03-15T03:31:00,5149482
316035891,9780768,1,0,-54.014200,47.733510,126,225,2021-03-15T04:43:00,5149482
316035891,9780768,1,0,-54.013360,47.732810,262,241,2021-03-15T05:47:00,5149482
316035891,9780768,1,1,-54.013130,47.732240,119,257,2021-03-15T06:55:00,5149482
316035891,9780768,1,0,-54.013250,47.732370,175,252,2021-03-15T08:04:00,5149482
316035891,9780768,1,0,-54.013350,47.732550,104,248,2021-03-15T09:07:00,5149482
316035891,9780768,1,1,-54.013660,47.733060,310,233,2021-03-15T10:10:00,5149482
316035891,9780768,1,0,-54.013480,47.732900,181,236,2021-03-15T11:10:00,5149482
316035891,9780768,1,0,-54.013220,47.732440,256,257,2021-03-15T12:10:00,5149482
316035891,9780768,1,2,-54.013420,47.732810,309,256,2021-03-15T13:10:00,5149482
316035891,9780768,1,0,-54.013150,47.732330,172,261,2021-03-15T14:10:00,5149482
316035891,9780768,1,1,-54.013800,47.733440,304,227,2021-03-15T15:10:00,5149482
316035891,9780768,1,1,-54.013240,47.732120,230,271,2021-03-15T16:10:00,5149482
316035891,9780768,1,2,-54.013290,47.731950,44,274,2021-03-15T17:19:00,5149482
316035891,9780768,1,2,-54.015650,47.734150,290,189,2021-03-15T18:28:00,5149482
316035891,9780768,1,0,-54.016370,47.734150,219,174,2021-03-15T19:28:00,5149482
316035891,9780768,1,0,-54.014030,47.733430,140,234,2021-03-15T20:34:00,5149482
316035891,9780768,1,0,-54.014060,47.733460,144,234,2021-03-15T21:36:00,5149482
316035891,9780768,1,2,-54.013430,47.731910,185,279,2021-03-15T23:22:00,5149482
316035891,9780768,1,2,-54.019270,47.728790,295,11,2021-03-16T03:54:00,5149482
316035891,9780768,1,1,-54.017670,47.728690,301,347,2021-03-16T04:54:00,5149482
316035891,9780768,0,1,-54.018740,47.728690,201,8,2021-03-16T07:29:00,5149482
316035891,9780768,0,5,-54.018070,47.731970,16,287,2021-03-16T09:37:00,5149482
316035891,9780768,0,135,-54.025980,47.590710,171,170,2021-03-16T10:38:00,5149482
316035891,9780768,0,72,-54.512130,46.694020,134,138,2021-03-16T19:09:00,5149482
316035891,9780768,0,72,-54.398210,46.605500,141,141,2021-03-16T20:08:00,5149482
316035891,9780768,0,72,-54.289860,46.513300,141,137,2021-03-16T21:08:00,5149482
316035891,9780768,0,73,-54.175240,46.426890,138,134,2021-03-16T22:07:00,5149482
316035891,9780768,0,59,-54.056850,46.346370,101,89,2021-03-16T23:07:00,5149482
316035891,9780768,0,74,-53.902070,46.341060,87,79,2021-03-17T00:06:00,5149482
316035891,9780768,0,72,-53.728900,46.344230,88,81,2021-03-17T01:05:00,5149482
316035891,9780768,0,74,-53.554280,46.340650,93,83,2021-03-17T02:05:00,5149482
316035891,9780768,0,77,-53.373840,46.339860,89,84,2021-03-17T03:04:00,5149482
316035891,9780768,0,74,-53.191540,46.335570,93,84,2021-03-17T04:03:00,5149482
316035891,9780768,0,69,-53.019740,46.324950,94,84,2021-03-17T05:02:00,5149482
316035891,9780768,0,63,-52.864630,46.315930,88,76,2021-03-17T06:02:00,5149482
316035891,9780768,0,123,-51.501810,46.286750,270,270,2021-03-22T08:38:00,5149482
316035891,9780768,0,122,-51.811080,46.286950,271,270,2021-03-22T09:41:00,5149482
316035891,9780768,0,124,-52.115790,46.287070,268,268,2021-03-22T10:43:00,5149482
316035891,9780768,0,124,-52.412780,46.282920,268,268,2021-03-22T11:42:00,5149482
316035891,9780768,0,128,-52.716260,46.281210,269,270,2021-03-22T12:42:00,5149482
316035891,9780768,0,132,-53.028900,46.277550,268,270,2021-03-22T13:41:00,5149482
316035891,9780768,0,127,-53.336050,46.273930,268,270,2021-03-22T14:41:00,5149482
316035891,9780768,0,130,-53.640870,46.309820,281,281,2021-03-22T15:41:00,5149482
316035891,9780768,0,129,-53.950600,46.353260,282,281,2021-03-22T16:41:00,5149482
316035891,9780768,0,129,-54.223430,46.446610,304,303,2021-03-22T17:41:00,5149482
316035891,9780768,0,130,-54.460020,46.581570,314,311,2021-03-22T18:40:00,5149482
316035891,9780768,0,127,-54.636420,46.745610,29,34,2021-03-22T19:40:00,5149482
316035891,9780768,0,139,-54.449980,46.936690,32,32,2021-03-22T20:40:00,5149482
316035891,9780768,0,74,-54.031140,47.624630,349,348,2021-03-23T00:42:00,5149482
316035891,9780768,0,64,-54.055410,47.731230,0,0,2021-03-23T01:41:00,5149482
316035891,9780768,0,5,-54.016890,47.775380,135,226,2021-03-23T02:41:00,5149482
316035891,9780768,0,0,-54.015680,47.774650,183,225,2021-03-24T19:16:00,5149482
316035891,9780768,0,103,-54.052210,47.694820,170,170,2021-03-24T20:15:00,5149482
316035891,9780768,0,144,-54.517140,46.692560,137,138,2021-03-25T02:40:00,5149482
316035891,9780768,0,143,-54.282930,46.516250,138,138,2021-03-25T03:41:00,5149482
316035891,9780768,0,142,-53.488560,46.341150,92,91,2021-03-25T06:15:00,5149482
316035891,9780768,0,142,-53.149980,46.333580,92,91,2021-03-25T07:14:00,5149482
316035891,9780768,0,149,-52.783600,46.278740,267,269,2021-03-27T09:56:00,5149482
316035891,9780768,0,145,-53.144400,46.278660,272,271,2021-03-27T10:56:00,5149482
316035891,9780768,0,134,-53.469860,46.280840,270,269,2021-03-27T11:55:00,5149482
316035891,9780768,0,129,-53.780820,46.280270,269,269,2021-03-27T12:54:00,5149482
316035891,9780768,0,125,-54.050920,46.361510,304,305,2021-03-27T13:54:00,5149482
316035891,9780768,0,122,-54.294370,46.474120,305,305,2021-03-27T14:53:00,5149482
316035891,9780768,0,24,-54.950060,46.438440,8,21,2021-03-28T02:51:00,5149482
316035891,9780768,0,33,-54.936770,46.484460,15,21,2021-03-28T03:50:00,5149482
316035891,9780768,0,41,-54.900510,46.539160,38,36,2021-03-28T04:50:00,5149482
316035891,9780768,0,45,-54.828950,46.590630,43,40,2021-03-28T05:50:00,5149482
316035891,9780768,0,120,-54.034190,47.622010,350,350,2021-03-28T13:06:00,5149482
316035891,9780768,0,38,-54.044510,47.763020,30,25,2021-03-28T14:05:00,5149482
316035891,9780768,0,0,-54.015870,47.774750,136,225,2021-03-28T15:05:00,5149482
316035891,9780768,0,0,-54.015690,47.774660,166,225,2021-03-28T22:07:00,5149482
316035891,9780768,0,0,-54.015690,47.774650,172,225,2021-03-28T23:08:00,5149482
316035891,9780768,0,94,-54.055920,47.745400,180,180,2021-03-29T01:10:00,5149482
316035891,9780768,0,115,-54.016920,47.555210,170,170,2021-03-29T02:12:00,5149482
316035891,9780768,0,79,-54.331930,47.157650,226,221,2021-03-29T05:15:00,5149482
316035891,9780768,0,33,-54.969230,46.663280,205,194,2021-03-29T10:34:00,5149482
316035891,9780768,0,25,-54.992590,46.622440,191,174,2021-03-29T11:34:00,5149482
316035891,9780768,0,21,-55.000480,46.586790,184,166,2021-03-29T12:35:00,5149482
316035891,9780768,0,14,-55.002950,46.557540,185,163,2021-03-29T13:35:00,5149482
316035891,9780768,0,15,-54.742870,46.396630,262,261,2021-03-30T12:03:00,5149482
316035891,9780768,0,9,-54.772910,46.393710,251,266,2021-03-30T13:02:00,5149482
316035891,9780768,0,107,-54.007390,47.532410,351,350,2021-03-31T11:46:00,5149482
316035891,9780768,0,72,-54.043940,47.672010,350,350,2021-03-31T12:47:00,5149482
316035891,9780768,0,39,-54.034680,47.772910,49,55,2021-03-31T13:47:00,5149482
316035891,9780768,0,0,-54.015690,47.774650,168,225,2021-04-01T13:14:00,5149482
316035891,9780768,0,0,-54.015680,47.774640,180,225,2021-04-01T14:14:00,5149482
316035891,9780768,0,115,-54.056740,47.710660,176,173,2021-04-01T15:13:00,5149482
316035891,9780768,0,141,-54.555580,46.725000,134,138,2021-04-01T20:41:00,5149482
316035891,9780768,0,142,-54.326340,46.548620,138,139,2021-04-01T21:41:00,5149482
316035891,9780768,0,140,-54.108890,46.371900,138,139,2021-04-01T22:41:00,5149482
316035891,9780768,0,142,-53.789000,46.345050,93,93,2021-04-01T23:40:00,5149482
316035891,9780768,0,141,-53.448150,46.335600,92,91,2021-04-02T00:40:00,5149482
316035891,9780768,0,141,-53.110900,46.328290,92,91,2021-04-02T01:40:00,5149482
316035891,9780768,0,145,-52.448940,46.320500,89,89,2021-04-02T03:38:00,5149482
316035891,9780768,0,143,-51.709500,46.311200,90,91,2021-04-02T05:45:00,5149482
316035891,9780768,0,135,-51.841630,46.284280,271,270,2021-04-04T05:06:00,5149482
316035891,9780768,0,135,-52.163530,46.287690,270,270,2021-04-04T06:05:00,5149482
316035891,9780768,0,136,-52.814450,46.290200,269,269,2021-04-04T08:05:00,5149482
316035891,9780768,0,135,-53.142590,46.289100,268,267,2021-04-04T09:04:00,5149482
316035891,9780768,0,138,-53.466490,46.281430,267,267,2021-04-04T10:04:00,5149482
316035891,9780768,0,138,-53.789570,46.301630,283,282,2021-04-04T11:04:00,5149482
316035891,9780768,0,137,-54.088340,46.382410,303,302,2021-04-04T12:03:00,5149482
316035891,9780768,0,137,-54.366640,46.507090,302,302,2021-04-04T13:04:00,5149482
316035891,9780768,0,105,-54.019800,47.572950,349,351,2021-04-04T19:23:00,5149482
316035891,9780768,0,68,-54.052030,47.692040,349,350,2021-04-04T20:22:00,5149482
316035891,9780768,0,26,-54.025440,47.775940,67,93,2021-04-04T21:22:00,5149482
316035891,9780768,0,0,-54.015690,47.774650,192,225,2021-04-05T22:27:00,5149482
316035891,9780768,0,0,-54.015680,47.774660,207,225,2021-04-05T23:31:00,5149482
316035891,9780768,0,11,-54.016480,47.775400,307,247,2021-04-06T00:31:00,5149482
316035891,9780768,0,107,-54.040350,47.656250,169,168,2021-04-06T01:30:00,5149482
316035891,9780768,0,103,-54.281250,46.624950,100,100,2021-04-06T09:44:00,5149482
316035891,9780768,0,102,-54.054390,46.670930,61,63,2021-04-06T10:43:00,5149482
316035891,9780768,0,128,-53.827120,46.768610,15,16,2021-04-06T11:43:00,5149482
316035891,9780768,0,114,-53.778220,46.925720,201,200,2021-04-07T19:52:00,5149482
316035891,9780768,0,65,-53.842420,46.795200,170,166,2021-04-07T20:52:00,5149482
316035891,9780768,0,65,-53.811740,46.687390,169,164,2021-04-07T21:51:00,5149482
316035891,9780768,0,66,-53.780510,46.582610,170,165,2021-04-07T22:50:00,5149482
316035891,9780768,0,65,-53.701850,46.506900,126,118,2021-04-07T23:50:00,5149482
316035891,9780768,0,68,-53.564780,46.439100,125,120,2021-04-08T00:50:00,5149482
316035891,9780768,0,64,-53.443470,46.367010,133,121,2021-04-08T01:50:00,5149482
316035891,9780768,0,68,-53.301500,46.333900,94,87,2021-04-08T02:50:00,5149482
316035891,9780768,0,69,-53.138390,46.329440,92,85,2021-04-08T03:49:00,5149482
316035891,9780768,0,69,-52.974290,46.328040,91,85,2021-04-08T04:49:00,5149482
316035891,9780768,0,134,-52.667550,46.286070,270,272,2021-04-11T03:41:00,5149482
316035891,9780768,0,134,-52.987600,46.289400,268,270,2021-04-11T04:41:00,5149482
316035891,9780768,0,138,-53.317960,46.285430,269,270,2021-04-11T05:41:00,5149482
316035891,9780768,0,137,-53.647310,46.284030,269,270,2021-04-11T06:41:00,5149482
316035891,9780768,0,134,-53.957860,46.335340,298,302,2021-04-11T07:40:00,5149482
316035891,9780768,0,136,-54.231100,46.454540,300,300,2021-04-11T08:40:00,5149482
316035891,9780768,0,72,-54.039870,47.659120,348,348,2021-04-11T17:28:00,5149482
316035891,9780768,0,49,-54.044560,47.767900,44,48,2021-04-11T18:28:00,5149482
316035891,9780768,0,0,-54.015710,47.774670,147,225,2021-04-11T19:29:00,5149482
316035891,9780768,0,0,-54.015680,47.774640,176,225,2021-04-12T19:51:00,5149482
316035891,9780768,0,15,-54.016010,47.775990,278,264,2021-04-12T20:51:00,5149482
316035891,9780768,0,101,-54.040880,47.644730,170,165,2021-04-12T21:53:00,5149482
316035891,9780768,0,75,-54.365010,46.642800,123,121,2021-04-13T06:53:00,5149482
316035891,9780768,0,57,-54.217090,46.609210,59,62,2021-04-13T07:53:00,5149482
316035891,9780768,0,61,-54.089090,46.660580,61,62,2021-04-13T08:52:00,5149482
316035891,9780768,0,13,-53.991790,46.689700,135,76,2021-04-13T09:53:00,5149482
316035891,9780768,0,4,-53.987000,46.695170,88,66,2021-04-13T10:52:00,5149482
316035891,9780768,0,4,-53.984730,46.694910,95,65,2021-04-13T11:55:00,5149482
316035891,9780768,0,6,-53.960170,46.703880,59,62,2021-04-13T12:55:00,5149482
316035891,9780768,0,8,-53.951370,46.711910,30,62,2021-04-13T13:56:00,5149482
316035891,9780768,0,10,-53.920430,46.716410,93,67,2021-04-13T14:55:00,5149482
316035891,9780768,0,10,-53.899620,46.729230,22,54,2021-04-13T16:55:00,5149482
316035891,9780768,0,4,-53.895350,46.739690,65,60,2021-04-13T17:57:00,5149482
316035891,9780768,0,4,-53.884200,46.738880,75,64,2021-04-13T18:57:00,5149482
316035891,9780768,0,19,-53.851250,46.756910,62,65,2021-04-13T20:55:00,5149482
316035891,9780768,0,3,-53.835430,46.758900,304,64,2021-04-13T21:57:00,5149482
316035891,9780768,0,68,-53.883400,46.756320,237,233,2021-04-13T23:02:00,5149482
316035891,9780768,0,69,-54.014060,46.693380,235,229,2021-04-14T00:01:00,5149482
316035891,9780768,0,39,-54.141050,46.640270,164,116,2021-04-14T01:01:00,5149482
316035891,9780768,0,6,-54.119210,46.653380,60,72,2021-04-14T02:00:00,5149482
316035891,9780768,0,9,-54.106740,46.656390,94,77,2021-04-14T03:00:00,5149482
316035891,9780768,0,4,-54.089970,46.659220,80,74,2021-04-14T04:00:00,5149482
316035891,9780768,0,18,-54.070740,46.662350,63,70,2021-04-14T05:01:00,5149482
316035891,9780768,0,18,-54.034020,46.675130,64,71,2021-04-14T06:00:00,5149482
316035891,9780768,0,18,-54.000790,46.685340,69,71,2021-04-14T07:00:00,5149482
316035891,9780768,0,16,-53.958520,46.697860,82,72,2021-04-14T07:59:00,5149482
316035891,9780768,0,13,-53.926460,46.704650,39,57,2021-04-14T08:59:00,5149482
316035891,9780768,0,9,-53.900710,46.721890,32,58,2021-04-14T09:59:00,5149482
316035891,9780768,0,9,-53.890780,46.735100,48,64,2021-04-14T10:58:00,5149482
316035891,9780768,0,46,-53.942590,46.715990,247,240,2021-04-14T11:57:00,5149482
316035891,9780768,0,7,-53.958890,46.708830,55,63,2021-04-14T12:56:00,5149482
316035891,9780768,0,9,-53.950390,46.706820,58,56,2021-04-14T13:56:00,5149482
316035891,9780768,0,9,-53.940620,46.717210,48,58,2021-04-14T14:56:00,5149482
316035891,9780768,0,20,-53.916730,46.729520,23,45,2021-04-14T15:57:00,5149482
316035891,9780768,0,19,-53.953770,46.731290,154,101,2021-04-14T16:56:00,5149482
316035891,9780768,0,86,-53.923340,46.667670,193,184,2021-04-14T17:55:00,5149482
316035891,9780768,0,88,-53.922890,46.618950,358,2,2021-04-14T18:55:00,5149482
316035891,9780768,0,77,-53.948140,46.692150,164,160,2021-04-14T19:54:00,5149482
316035891,9780768,0,116,-53.828210,46.532630,147,143,2021-04-14T20:54:00,5149482
316035891,9780768,0,66,-53.723040,46.423780,146,137,2021-04-14T21:53:00,5149482
316035891,9780768,0,58,-53.649360,46.338310,152,137,2021-04-14T22:53:00,5149482
316035891,9780768,0,60,-53.557280,46.287980,96,90,2021-04-14T23:53:00,5149482
316035891,9780768,0,59,-53.409380,46.280650,90,85,2021-04-15T00:52:00,5149482
316035891,9780768,0,64,-53.261000,46.284290,87,83,2021-04-15T01:52:00,5149482
316035891,9780768,0,63,-53.105340,46.289810,92,83,2021-04-15T02:51:00,5149482
316035891,9780768,0,67,-52.949850,46.287010,91,87,2021-04-15T03:50:00,5149482
316035891,9780768,0,70,-52.615470,46.283600,89,82,2021-04-15T05:55:00,5149482
316035891,9780768,0,67,-52.123040,46.293400,87,84,2021-04-15T08:58:00,5149482
316035891,9780768,0,62,-51.972700,46.291990,88,84,2021-04-15T09:57:00,5149482
316035891,9780768,0,73,-51.453650,46.260960,74,71,2021-04-15T13:24:00,5149482
316035891,9780768,0,133,-52.891120,46.281000,279,280,2021-04-19T04:01:00,5149482
316035891,9780768,0,138,-53.214380,46.293270,265,265,2021-04-19T05:01:00,5149482
316035891,9780768,0,135,-53.539660,46.281640,269,269,2021-04-19T06:00:00,5149482
316035891,9780768,0,129,-53.855980,46.282250,295,297,2021-04-19T06:59:00,5149482
316035891,9780768,0,136,-54.124100,46.397520,303,302,2021-04-19T07:58:00,5149482
316035891,9780768,0,134,-54.397990,46.518840,303,302,2021-04-19T08:58:00,5149482
316035891,9780768,0,91,-54.653220,46.633850,314,323,2021-04-19T09:58:00,5149482
316035891,9780768,0,69,-54.596740,46.750500,30,29,2021-04-19T10:58:00,5149482
316035891,9780768,0,72,-54.507990,46.850850,32,33,2021-04-19T11:58:00,5149482
316035891,9780768,0,68,-54.036250,47.635740,347,348,2021-04-19T18:29:00,5149482
316035891,9780768,0,2,-54.015890,47.774760,132,223,2021-04-19T20:29:00,5149482
316035891,9780768,0,0,-54.015680,47.774640,196,225,2021-04-21T11:28:00,5149482
316035891,9780768,0,61,-54.040820,47.769770,222,208,2021-04-21T12:27:00,5149482
316035891,9780768,0,115,-54.374670,46.656050,121,122,2021-04-21T20:34:00,5149482
316035891,9780768,0,126,-54.125400,46.639480,66,62,2021-04-21T21:33:00,5149482
316035891,9780768,0,123,-53.866970,46.759520,36,34,2021-04-21T22:33:00,5149482
316035891,9780768,0,88,-53.756030,46.964760,199,195,2021-04-22T20:09:00,5149482
316035891,9780768,0,59,-53.823390,46.850300,189,181,2021-04-22T21:08:00,5149482
316035891,9780768,0,60,-53.824630,46.763290,173,163,2021-04-22T22:08:00,5149482
316035891,9780768,0,61,-53.792370,46.661490,168,169,2021-04-22T23:08:00,5149482
316035891,9780768,0,59,-53.769520,46.562660,168,158,2021-04-23T00:07:00,5149482
316035891,9780768,0,63,-53.653230,46.496350,131,140,2021-04-23T01:07:00,5149482
316035891,9780768,0,60,-53.541980,46.430180,129,140,2021-04-23T02:07:00,5149482
316035891,9780768,0,64,-53.432100,46.361910,132,140,2021-04-23T03:07:00,5149482
316035891,9780768,0,64,-53.288230,46.336950,95,97,2021-04-23T04:06:00,5149482
316035891,9780768,0,55,-53.145830,46.332450,97,97,2021-04-23T05:06:00,5149482
316035891,9780768,0,55,-53.016310,46.324220,91,94,2021-04-23T06:06:00,5149482
316035891,9780768,0,55,-52.884000,46.323910,92,89,2021-04-23T07:05:00,5149482
316035891,9780768,0,59,-52.747550,46.321510,89,91,2021-04-23T08:05:00,5149482
316035891,9780768,0,141,-52.234070,46.280460,269,269,2021-04-26T03:30:00,5149482
316035891,9780768,0,142,-52.574800,46.278230,269,269,2021-04-26T04:31:00,5149482
316035891,9780768,0,146,-52.919730,46.273490,269,269,2021-04-26T05:30:00,5149482
316035891,9780768,0,146,-53.264310,46.275510,269,269,2021-04-26T06:29:00,5149482
316035891,9780768,0,148,-53.616230,46.279200,272,271,2021-04-26T07:28:00,5149482
316035891,9780768,0,134,-53.937250,46.312340,302,302,2021-04-26T08:28:00,5149482
316035891,9780768,0,136,-54.206970,46.434410,304,303,2021-04-26T09:28:00,5149482
316035891,9780768,0,137,-54.474660,46.559500,302,300,2021-04-26T10:28:00,5149482
316035891,9780768,0,32,-54.694070,46.569190,155,156,2021-04-26T11:27:00,5149482
316035891,9780768,0,6,-54.688840,46.545990,210,164,2021-04-26T12:35:00,5149482
316035891,9780768,0,6,-54.684860,46.533650,175,148,2021-04-26T13:35:00,5149482
316035891,9780768,0,7,-54.672270,46.524500,130,141,2021-04-26T14:35:00,5149482
316035891,9780768,0,3,-54.670730,46.523190,293,144,2021-04-26T15:34:00,5149482
316035891,9780768,0,9,-54.666040,46.516810,142,140,2021-04-26T16:34:00,5149482
316035891,9780768,0,6,-54.654570,46.506910,127,142,2021-04-26T17:34:00,5149482
316035891,9780768,0,4,-54.648370,46.502750,115,141,2021-04-26T18:34:00,5149482
316035891,9780768,0,4,-54.649220,46.503070,302,143,2021-04-26T19:42:00,5149482
316035891,9780768,0,5,-54.665030,46.523210,10,129,2021-04-27T01:25:00,5149482
316035891,9780768,0,16,-54.638350,46.516740,106,135,2021-04-27T03:24:00,5149482
316035891,9780768,0,15,-54.602140,46.506930,148,143,2021-04-27T04:25:00,5149482
316035891,9780768,0,13,-54.505620,46.463570,106,140,2021-04-27T07:40:00,5149482
316035891,9780768,0,69,-54.046010,47.670870,349,350,2021-04-27T19:44:00,5149482
316035891,9780768,0,50,-54.038620,47.769130,49,51,2021-04-27T20:43:00,5149482
316035891,9780768,0,113,-54.054870,47.720170,176,178,2021-04-29T00:39:00,5149482
316035891,9780768,0,110,-54.215920,46.646130,99,100,2021-04-29T09:05:00,5149482
316035891,9780768,0,136,-53.950470,46.725570,33,35,2021-04-29T10:05:00,5149482
316035891,9780768,0,120,-53.768660,46.911970,10,5,2021-04-29T11:05:00,5149482
316035891,9780768,0,138,-53.858250,46.771530,201,200,2021-04-30T17:49:00,5149482
316035891,9780768,0,138,-53.863350,46.569110,142,143,2021-04-30T18:48:00,5149482
316035891,9780768,0,133,-53.670900,46.389430,135,135,2021-04-30T19:48:00,5149482
316035891,9780768,0,140,-53.434230,46.263660,88,89,2021-04-30T20:47:00,5149482
316035891,9780768,0,135,-53.106090,46.285110,86,89,2021-04-30T21:46:00,5149482
316035891,9780768,0,139,-52.776680,46.291290,90,89,2021-04-30T22:46:00,5149482
316035891,9780768,0,120,-52.668470,46.288880,268,268,2021-05-04T09:16:00,5149482
316035891,9780768,0,121,-52.956950,46.285160,270,269,2021-05-04T10:15:00,5149482
316035891,9780768,0,119,-53.246820,46.287590,269,269,2021-05-04T11:15:00,5149482
316035891,9780768,0,121,-53.538050,46.285060,270,267,2021-05-04T12:15:00,5149482
316035891,9780768,0,124,-53.834340,46.279220,268,267,2021-05-04T13:15:00,5149482
316035891,9780768,0,126,-54.088820,46.383420,299,300,2021-05-04T14:14:00,5149482
316035891,9780768,0,125,-54.345620,46.492320,299,300,2021-05-04T15:13:00,5149482
316035891,9780768,0,127,-54.605310,46.605840,301,300,2021-05-04T16:13:00,5149482
316035891,9780768,0,65,-54.689540,46.700760,33,33,2021-05-04T17:13:00,5149482
316035891,9780768,0,57,-54.596570,46.793460,34,35,2021-05-04T18:16:00,5149482
316035891,9780768,0,35,-54.530760,46.853470,36,35,2021-05-04T19:17:00,5149482
316035891,9780768,0,30,-54.488160,46.897980,26,24,2021-05-04T20:16:00,5149482
316035891,9780768,0,31,-54.450240,46.941820,35,30,2021-05-04T21:16:00,5149482
316035891,9780768,0,73,-54.040100,47.651860,350,350,2021-05-05T04:59:00,5149482
316035891,9780768,0,0,-54.015680,47.774640,188,225,2021-05-06T19:05:00,5149482
316035891,9780768,0,85,-54.042970,47.768290,234,224,2021-05-06T20:05:00,5149482
316035891,9780768,0,110,-54.029390,47.599100,170,168,2021-05-06T21:04:00,5149482
316035891,9780768,0,81,-54.500500,46.704480,120,122,2021-05-07T05:06:00,5149482
316035891,9780768,0,76,-54.340410,46.637390,122,122,2021-05-07T06:05:00,5149482
316035891,9780768,0,81,-54.156230,46.636920,62,65,2021-05-07T07:05:00,5149482
316035891,9780768,0,88,-53.967300,46.706420,61,65,2021-05-07T08:06:00,5149482
316035891,9780768,0,94,-53.816670,46.794210,6,10,2021-05-07T09:06:00,5149482
316035891,9780768,0,87,-53.760410,46.937220,13,15,2021-05-07T10:05:00,5149482
316035891,9780768,0,135,-53.775590,46.937390,207,207,2021-05-08T11:52:00,5149482
316035891,9780768,0,139,-53.897140,46.724150,196,195,2021-05-08T12:51:00,5149482
316035891,9780768,0,141,-53.809520,46.524470,142,143,2021-05-08T13:51:00,5149482
316035891,9780768,0,141,-53.610770,46.337030,144,144,2021-05-08T14:50:00,5149482
316035891,9780768,0,137,-53.306780,46.287840,89,90,2021-05-08T15:50:00,5149482
316035891,9780768,0,134,-52.985160,46.286780,91,90,2021-05-08T16:49:00,5149482
316035891,9780768,0,134,-50.987170,46.288470,88,90,2021-05-08T23:04:00,5149482
316035891,9780768,0,133,-50.651330,46.291630,88,90,2021-05-09T00:07:00,5149482
316035891,9780768,0,109,-52.661750,46.285950,270,270,2021-05-11T18:33:00,5149482
316035891,9780768,0,97,-52.919700,46.285650,269,270,2021-05-11T19:35:00,5149482
316035891,9780768,0,96,-53.154720,46.285140,269,270,2021-05-11T20:35:00,5149482
316035891,9780768,0,87,-53.369180,46.286080,271,270,2021-05-11T21:35:00,5149482
316035891,9780768,0,92,-53.586500,46.287010,270,270,2021-05-11T22:35:00,5149482
316035891,9780768,0,90,-53.801710,46.287400,269,270,2021-05-11T23:34:00,5149482
316035891,9780768,0,90,-53.998810,46.340400,302,302,2021-05-12T00:35:00,5149482
316035891,9780768,0,91,-54.176760,46.421320,304,302,2021-05-12T01:34:00,5149482
316035891,9780768,0,91,-54.357880,46.505330,304,302,2021-05-12T02:34:00,5149482
316035891,9780768,0,99,-54.667080,46.712900,34,33,2021-05-12T04:41:00,5149482
316035891,9780768,0,86,-54.524450,46.823590,25,24,2021-05-12T05:41:00,5149482
316035891,9780768,0,74,-54.043730,47.663780,349,349,2021-05-12T11:55:00,5149482
316035891,9780768,1,0,-54.019020,47.730700,55,59,2021-05-12T14:10:00,5149482
316035891,9780768,1,2,-54.016860,47.734130,85,183,2021-05-12T15:13:00,5149482
316035891,9780768,1,0,-54.015320,47.733900,94,209,2021-05-12T16:28:00,5149482
316035891,9780768,1,0,-54.015270,47.733940,118,211,2021-05-12T17:46:00,5149482
316035891,9780768,1,0,-54.015580,47.734010,282,195,2021-05-12T18:46:00,5149482
316035891,9780768,1,0,-54.014800,47.733880,114,213,2021-05-12T20:16:00,5149482
316035891,9780768,1,0,-54.014570,47.733700,116,220,2021-05-12T21:40:00,5149482
316035891,9780768,1,1,-54.014790,47.733760,308,208,2021-05-12T22:40:00,5149482
316035891,9780768,1,0,-54.013920,47.733160,124,240,2021-05-13T00:22:00,5149482
316035891,9780768,1,0,-54.013610,47.732820,180,245,2021-05-13T01:24:00,5149482
316035891,9780768,1,0,-54.013600,47.732800,352,242,2021-05-13T02:24:00,5149482
316035891,9780768,0,36,-54.037390,47.771000,40,39,2021-05-13T11:40:00,5149482
316035891,9780768,5,31,-54.019420,47.775000,255,250,2021-05-14T12:43:00,5149482
316035891,9780768,0,109,-54.031540,47.622200,170,170,2021-05-14T13:43:00,5149482
316035891,9780768,0,134,-54.445860,46.676790,126,127,2021-05-14T20:41:00,5149482
316035891,9780768,0,147,-54.143400,46.636500,65,65,2021-05-14T21:41:00,5149482
316035891,9780768,0,142,-53.838710,46.748570,45,42,2021-05-14T22:40:00,5149482
316035891,9780768,0,121,-53.794190,46.900970,199,198,2021-05-16T20:07:00,5149482
316035891,9780768,0,124,-53.884300,46.712420,190,190,2021-05-16T21:07:00,5149482
316035891,9780768,0,82,-53.829260,46.544010,142,142,2021-05-16T22:06:00,5149482
316035891,9780768,0,74,-53.719920,46.443680,143,142,2021-05-16T23:06:00,5149482
316035891,9780768,0,72,-53.618270,46.346610,143,142,2021-05-17T00:05:00,5149482
316035891,9780768,0,66,-53.502380,46.286000,89,89,2021-05-17T01:04:00,5149482
316035891,9780768,0,66,-53.344980,46.286450,90,89,2021-05-17T02:04:00,5149482
316035891,9780768,0,64,-53.189070,46.284630,91,89,2021-05-17T03:04:00,5149482
316035891,9780768,0,65,-53.032360,46.281960,90,87,2021-05-17T04:04:00,5149482
316035891,9780768,0,69,-52.875750,46.281640,89,88,2021-05-17T05:04:00,5149482
316035891,9780768,0,68,-52.711380,46.277800,93,85,2021-05-17T06:03:00,5149482
316035891,9780768,0,94,-51.014680,46.288680,268,269,2021-05-20T12:02:00,5149482
316035891,9780768,0,93,-52.819130,46.284560,269,268,2021-05-20T19:59:00,5149482
316035891,9780768,0,92,-53.041350,46.282510,270,267,2021-05-20T20:59:00,5149482
316035891,9780768,0,90,-53.256810,46.281350,270,270,2021-05-20T21:59:00,5149482
316035891,9780768,0,97,-53.478680,46.297720,267,267,2021-05-20T22:58:00,5149482
316035891,9780768,0,98,-53.712070,46.288370,267,267,2021-05-20T23:58:00,5149482
316035891,9780768,0,92,-53.928020,46.308720,302,302,2021-05-21T00:58:00,5149482
316035891,9780768,0,94,-54.116000,46.391770,303,303,2021-05-21T01:58:00,5149482
316035891,9780768,0,95,-54.306970,46.477510,303,303,2021-05-21T02:58:00,5149482
316035891,9780768,0,91,-54.672480,46.663130,0,0,2021-05-21T04:58:00,5149482
316035891,9780768,0,91,-54.583870,46.805440,33,33,2021-05-21T05:59:00,5149482
316035891,9780768,0,91,-54.451090,46.925720,38,38,2021-05-21T07:00:00,5149482
316035891,9780768,0,71,-54.040790,47.659380,350,350,2021-05-21T12:34:00,5149482
316035891,9780768,0,62,-54.101680,47.753340,298,296,2021-05-21T13:33:00,5149482
316035891,9780768,1,2,-54.145250,47.773450,320,205,2021-05-21T14:58:00,5149482
316035891,9780768,1,0,-54.145740,47.773590,120,194,2021-05-21T16:04:00,5149482
316035891,9780768,1,4,-54.146070,47.773540,260,177,2021-05-21T17:28:00,5149482
316035891,9780768,1,0,-54.145380,47.773500,70,204,2021-05-21T18:36:00,5149482
316035891,9780768,1,0,-54.146560,47.773640,240,174,2021-05-21T19:52:00,5149482
316035891,9780768,1,0,-54.146240,47.773650,352,183,2021-05-21T20:58:00,5149482
316035891,9780768,1,0,-54.146380,47.773720,172,182,2021-05-21T23:06:00,5149482
316035891,9780768,1,0,-54.146420,47.773720,270,181,2021-05-22T00:18:00,5149482
316035891,9780768,1,1,-54.147170,47.773670,268,163,2021-05-22T01:28:00,5149482
316035891,9780768,1,0,-54.147200,47.773700,94,174,2021-05-22T02:58:00,5149482
316035891,9780768,1,0,-54.147180,47.773700,67,173,2021-05-22T03:58:00,5149482
316035891,9780768,1,0,-54.147020,47.773750,95,176,2021-05-22T04:58:00,5149482
316035891,9780768,1,0,-54.146960,47.773720,81,176,2021-05-22T05:58:00,5149482
316035891,9780768,1,0,-54.146700,47.773710,192,177,2021-05-22T07:00:00,5149482
316035891,9780768,1,0,-54.146720,47.773700,161,175,2021-05-22T08:06:00,5149482
316035891,9780768,1,0,-54.146390,47.773700,242,182,2021-05-22T09:10:00,5149482
316035891,9780768,1,0,-54.146740,47.773730,271,173,2021-05-22T10:16:00,5149482
316035891,9780768,1,0,-54.147370,47.773710,269,165,2021-05-22T11:16:00,5149482
316035891,9780768,1,2,-54.145010,47.773470,290,208,2021-05-22T12:58:00,5149482
316035891,9780768,1,0,-54.146610,47.773800,284,177,2021-05-22T14:00:00,5149482
316035891,9780768,1,0,-54.144330,47.772970,131,242,2021-05-22T15:28:00,5149482
316035891,9780768,1,2,-54.146260,47.773850,265,187,2021-05-22T16:34:00,5149482
316035891,9780768,1,0,-54.146620,47.773870,116,180,2021-05-22T17:36:00,5149482
316035891,9780768,1,0,-54.146390,47.773850,118,184,2021-05-22T18:39:00,5149482
316035891,9780768,1,0,-54.146480,47.773840,195,182,2021-05-22T19:39:00,5149482
316035891,9780768,1,0,-54.146400,47.773830,233,180,2021-05-22T20:39:00,5149482
316035891,9780768,1,0,-54.146610,47.773830,268,175,2021-05-22T21:39:00,5149482
316035891,9780768,1,0,-54.147280,47.773870,304,167,2021-05-22T22:42:00,5149482
316035891,9780768,1,0,-54.147400,47.773840,249,163,2021-05-22T23:45:00,5149482
316035891,9780768,1,0,-54.147400,47.773840,82,169,2021-05-23T00:48:00,5149482
316035891,9780768,1,0,-54.146960,47.773840,110,174,2021-05-23T01:48:00,5149482
316035891,9780768,1,0,-54.146800,47.773840,80,178,2021-05-23T03:06:00,5149482
316035891,9780768,1,0,-54.146590,47.773820,300,180,2021-05-23T04:06:00,5149482
316035891,9780768,1,0,-54.147270,47.773820,273,165,2021-05-23T05:06:00,5149482
316035891,9780768,1,0,-54.146930,47.773840,109,175,2021-05-23T06:15:00,5149482
316035891,9780768,1,0,-54.146860,47.773840,259,172,2021-05-23T07:27:00,5149482
316035891,9780768,1,0,-54.147530,47.773850,221,164,2021-05-23T08:33:00,5149482
316035891,9780768,1,0,-54.147470,47.773830,237,163,2021-05-23T09:36:00,5149482
316035891,9780768,1,0,-54.148330,47.773710,235,149,2021-05-23T10:39:00,5149482
316035891,9780768,1,0,-54.148350,47.773730,78,155,2021-05-23T11:42:00,5149482
316035891,9780768,1,0,-54.148130,47.773770,185,155,2021-05-23T12:45:00,5149482
316035891,9780768,1,0,-54.148350,47.773730,70,157,2021-05-23T13:51:00,5149482
316035891,9780768,1,0,-54.148090,47.773750,266,155,2021-05-23T14:51:00,5149482
316035891,9780768,1,0,-54.144530,47.772990,153,243,2021-05-23T16:15:00,5149482
316035891,9780768,1,0,-54.147170,47.773890,262,168,2021-05-23T17:18:00,5149482
316035891,9780768,1,0,-54.146700,47.773880,92,182,2021-05-23T18:18:00,5149482
316035891,9780768,1,0,-54.145690,47.773690,140,200,2021-05-23T19:36:00,5149482
316035891,9780768,1,1,-54.146730,47.773790,273,169,2021-05-23T20:51:00,5149482
316035891,9780768,1,1,-54.148910,47.773230,224,131,2021-05-23T22:03:00,5149482
316035891,9780768,1,0,-54.149950,47.772140,191,100,2021-05-23T23:33:00,5149482
316035891,9780768,1,2,-54.150120,47.768890,166,40,2021-05-24T00:33:00,5149482
316035891,9780768,0,6,-54.151040,47.769320,76,96,2021-05-24T01:33:00,5149482
316035891,9780768,0,45,-54.057920,47.751970,30,30,2021-05-24T02:33:00,5149482
316035891,9780768,0,0,-54.015670,47.774640,130,225,2021-05-25T08:54:00,5149482
316035891,9780768,0,66,-54.030700,47.772920,250,250,2021-05-25T09:53:00,5149482
316035891,9780768,0,106,-54.030900,47.614770,170,173,2021-05-25T10:52:00,5149482
316035891,9780768,0,124,-54.376870,46.651300,126,130,2021-05-25T18:20:00,5149482
316035891,9780768,0,125,-54.111700,46.648460,63,62,2021-05-25T19:19:00,5149482
316035891,9780768,0,122,-53.845740,46.742510,65,65,2021-05-25T20:19:00,5149482
316035891,9780768,0,92,-53.782910,46.921040,198,198,2021-05-26T21:02:00,5149482
316035891,9780768,0,71,-53.816200,46.790100,188,189,2021-05-26T22:03:00,5149482
316035891,9780768,0,71,-53.792160,46.673670,169,173,2021-05-26T23:02:00,5149482
316035891,9780768,0,72,-53.746260,46.558810,157,161,2021-05-27T00:02:00,5149482
316035891,9780768,0,73,-53.623970,46.473160,127,132,2021-05-27T01:02:00,5149482
316035891,9780768,0,73,-53.481400,46.398080,128,136,2021-05-27T02:02:00,5149482
316035891,9780768,0,83,-53.326610,46.340270,88,92,2021-05-27T03:02:00,5149482
316035891,9780768,0,74,-53.146310,46.341700,89,94,2021-05-27T04:01:00,5149482
316035891,9780768,0,68,-52.976510,46.339650,92,96,2021-05-27T05:01:00,5149482
316035891,9780768,0,68,-52.817340,46.331300,97,99,2021-05-27T06:00:00,5149482
